,temp
0,25.9
1,26.2
2,26.8
3,26.8
4,26.6
5,26.5
6,25.4
7,25.1
8,25.6
9,25.4
10,24.9
11,25.2
12,25.8
13,25.4
14,25.7
15,25.7
16,26.4
17,26.7
18,27.4
19,27.9
20,28.1
21,27.7
22,27.6
23,27.9
24,27.7
25,26.6
26,27.5
27,28.9
28,28.8
29,29.4
30,28.2
31,27.9
32,28.2
33,28.5
34,28.7
35,28.6
36,29.1
37,28.9
38,29.1
39,28.5
40,28.5
41,29.2
42,29.1
43,28.5
44,28.1
45,27.9
46,27.7
47,28.5
48,28.2
49,28.6
50,28.7
51,29.1
52,29.6
53,30.3
54,30.3
55,30.5
56,30.4
57,30.2
58,29.4
59,29.4
60,29.2
61,29.6
62,29.7
63,29.8
64,29.3
65,29.6
66,30.1
67,30.4
68,30.5
69,30.3
70,30.5
71,29.3
72,27.1
73,29.1
74,29.6
75,29.3
76,29.5
77,29.7
78,30.3
79,30.5
80,30.9
81,30.8
82,29.2
83,29.7
84,30.3
85,30.6
86,30.4
87,29.6
88,29.9
89,30.1
90,30.6
91,30.8
92,30.3
93,31.1
94,30.9
95,30.9
96,30.6
97,30.5
98,29.5
99,31.2
100,31.1
101,29.3
102,29.9
103,30.5
104,30.3
105,30.6
106,30.1
107,31.0
108,31.6
109,30.2
110,30.9
111,29.7
112,30.3
113,30.4
114,30.0
115,29.7
116,30.7
117,30.0
118,29.8
119,29.0
120,29.6
121,30.1
122,29.8
123,29.8
124,30.1
125,30.7
126,30.0
127,29.8
128,30.5
129,29.5
130,30.0
131,30.7
132,29.1
133,28.7
134,28.6
135,27.2
136,26.6
137,27.1
138,27.9
139,27.3
140,26.4
141,26.7
142,27.8
143,28.0
144,26.3
145,27.4
146,27.8
147,28.8
148,29.5
149,29.5
150,28.7
151,28.8
152,29.5
153,28.9
154,29.0
155,29.0
156,28.9
157,29.1
158,29.4
159,28.8
160,27.5
161,29.4
162,28.9
163,28.1
164,28.7
165,28.0
166,28.2
167,28.4
168,28.4
169,25.8
170,28.7
171,28.2
172,29.6
173,29.0
174,30.4
175,28.8
176,29.5
177,29.7
178,28.2
179,27.3
180,26.6
181,28.3
182,28.1
183,28.4
184,29.0
185,29.1
186,28.2
187,28.7
188,28.8
189,28.0
190,27.1
191,27.5
192,28.5
193,29.1
194,29.2
195,28.5
196,28.1
197,28.1
198,28.5
199,29.0
200,29.0
201,28.8
202,28.5
203,29.3
204,28.5
205,28.4
206,26.8
207,27.9
208,28.9
209,29.0
210,29.1
211,29.7
212,29.4
213,28.6
214,28.3
215,29.8
216,28.7
217,29.4
218,30.3
219,30.4
220,27.3
221,25.8
222,27.4
223,28.2
224,27.8
225,27.5
226,27.0
227,26.5
228,25.6
229,26.8
230,28.4
231,27.8
232,28.9
233,27.8
234,28.5
235,29.1
236,29.2
237,28.9
238,29.0
239,28.5
240,27.4
241,28.2
242,29.3
243,29.8
244,29.0
245,27.8
246,27.6
247,28.4
248,29.2
249,28.0
250,28.1
251,26.5
252,27.6
253,28.9
254,28.1
255,28.3
256,27.8
257,26.7
258,27.4
259,28.5
260,28.0
261,28.7
262,28.3
263,27.7
264,28.0
265,26.7
266,28.1
267,29.3
268,29.2
269,29.2
270,29.3
271,29.7
272,29.3
273,29.0
274,28.0
275,27.4
276,27.3
277,27.6
278,26.3
279,28.1
280,28.8
281,27.9
282,28.6
283,29.2
284,29.0
285,29.1
286,29.1
287,29.2
288,29.4
289,29.5
290,29.6
291,29.6
292,29.9
293,29.6
294,29.0
295,27.2
296,28.6
297,28.5
298,28.2
299,28.5
300,28.3
301,28.7
302,28.8
303,28.8
304,28.7
305,28.6
306,29.6
307,29.1
308,28.4
309,29.3
310,28.7
311,28.9
312,29.2
313,29.5
314,29.0
315,29.2
316,29.0
317,28.8
318,28.9
319,27.2
320,27.3
321,26.5
322,26.5
323,25.4
324,26.2
325,27.0
326,28.3
327,28.3
328,28.7
329,28.5
330,28.8
331,27.8
332,27.7
333,27.8
334,28.2
335,27.8
336,28.2
337,27.7
338,28.7
339,28.5
340,28.2
341,28.6
342,28.2
343,28.1
344,28.3
345,28.4
346,28.1
347,28.7
348,29.2
349,29.0
350,28.4
351,28.2
352,28.5
353,29.1
354,29.5
355,29.1
356,28.9
357,29.0
358,28.6
359,26.8
360,26.6
361,28.6
362,28.9
363,29.1
364,29.5
365,29.6
366,29.7
367,28.8
368,28.9
369,28.8
370,28.6
371,27.7
372,25.4
373,24.1
374,25.6
375,27.4
376,27.8
377,28.2
378,28.4
379,28.4
380,28.8
381,28.6
382,28.3
383,28.2
384,28.5
385,28.1
386,27.6
387,28.1
388,28.1
389,28.9
390,28.3
391,28.1
392,28.8
393,28.6
394,28.1
395,27.9
396,28.2
397,28.1
398,28.5
399,28.5
400,28.5
401,28.4
402,27.9
403,28.4
404,28.4
405,28.9
406,29.4
407,29.0
408,28.6
409,29.1
410,28.7
411,28.1
412,28.3
413,28.6
414,29.1
415,29.2
416,29.1
417,29.2
418,29.3
419,29.9
420,29.2
421,29.8
422,28.8
423,28.6
424,28.9
425,29.0
426,29.6
427,29.3
428,29.2
429,29.5
430,29.4
431,29.2
432,29.7
433,29.9
434,30.1
435,30.2
436,30.4
437,30.6
438,31.2
439,31.2
440,31.2
441,31.0
442,30.9
443,31.3
444,31.6
445,32.0
446,31.3
447,31.3
448,31.2
449,31.1
450,31.8
451,31.9
452,31.1
453,31.8
454,31.5
455,31.2
456,31.8
457,31.9
458,32.0
459,32.3
460,32.3
461,31.7
462,32.1
463,32.1
464,32.2
465,32.3
466,32.1
467,31.9
468,32.2
469,32.3
470,32.5
471,30.1
472,30.1
473,28.3
474,29.3
475,30.4
476,30.5
477,29.2
478,30.5
479,29.0
480,29.3
481,30.1
482,27.4
483,29.3
484,29.8
485,27.9
486,27.8
487,30.0
488,30.5
489,29.2
490,29.6
491,30.5
492,30.2
493,28.1
494,28.5
495,29.6
496,31.3
497,30.5
498,28.9
499,29.3
500,29.8
501,28.0
502,28.0
503,28.8
504,28.8
505,27.3
506,26.5
507,28.2
508,27.7
509,27.0
510,26.2
511,28.3
512,26.6
513,26.4
514,27.1
515,27.8
516,28.7
517,28.6
518,28.3
519,29.4
520,30.2
521,28.2
522,27.7
523,28.2
524,28.5
525,28.9
526,28.1
527,28.2
528,28.5
529,29.3
530,29.2
531,28.2
532,28.6
533,29.0
534,28.4
535,27.9
536,28.5
537,28.4
538,28.0
539,27.6
540,28.5
541,28.2
542,26.6
543,26.8
544,27.2
545,27.6
546,28.7
547,28.5
548,27.8
549,27.4
550,27.2
551,27.1
552,27.1
553,27.3
554,28.3
555,27.8
556,28.8
557,28.3
558,27.9
559,28.7
560,28.6
561,28.8
562,29.0
563,28.7
564,29.2
565,28.2
566,29.2
567,28.6
568,29.7
569,28.7
570,28.6
571,28.0
572,29.2
573,28.7
574,28.8
575,28.3
576,28.5
577,27.8
578,28.6
579,29.5
580,29.2
581,28.8
582,29.2
583,29.0
584,29.3
585,27.7
586,28.8
587,29.0
588,28.0
589,26.7
590,25.9
591,27.0
592,27.6
593,27.8
594,27.4
595,27.8
596,27.6
597,28.7
598,28.2
599,27.7
600,26.8
601,28.0
602,29.1
603,29.3
604,27.3
605,26.4
606,27.0
607,27.3
608,27.2
609,28.1
610,28.0
611,25.8
612,27.5
613,28.4
614,27.4
615,26.6
616,26.0
617,27.0
618,27.4
619,26.5
620,27.2
621,27.6
622,28.4
623,28.0
624,26.9
625,27.2
626,27.1
627,27.6
628,27.0
629,27.3
630,27.0
631,27.7
632,26.7
633,26.0
634,28.1
635,28.7
636,27.5
637,26.4
638,25.9
639,26.8
640,27.2
641,26.6
642,27.2
643,26.4
644,25.3
645,25.9
646,28.2
647,28.4
648,28.5
649,28.7
650,28.6
651,28.9
652,29.2
653,29.4
654,29.2
655,29.2
656,28.1
657,29.2
658,29.0
659,27.3
660,27.2
661,28.5
662,29.2
663,29.1
664,29.1
665,29.3
666,29.4
667,29.0
668,29.5
669,27.0
670,26.6
671,26.1
672,27.7
673,27.8
674,27.7
675,27.5
676,26.4
677,27.3
678,27.1
679,27.0
680,25.6
681,25.2
682,24.2
683,25.6
684,27.3
685,27.3
686,27.4
687,26.2
688,26.7
689,27.7
690,26.9
691,28.4
692,28.4
693,28.1
694,27.5
695,27.9
696,27.3
697,25.8
698,26.1
699,26.7
700,27.3
701,27.9
702,28.4
703,28.2
704,27.9
705,28.4
706,28.2
707,27.9
708,28.9
709,28.3
710,27.7
711,28.0
712,28.2
713,29.1
714,27.7
715,25.4
716,27.2
717,27.7
718,28.3
719,28.4
720,27.8
721,27.2
722,27.4
723,27.8
724,27.2
725,27.1
726,27.9
727,26.5
728,25.8
729,26.9
730,27.4
731,27.0
732,27.5
733,26.1
734,26.1
735,28.3
736,27.6
737,27.3
738,27.3
739,27.6
740,28.3
741,27.3
742,27.0
743,26.5
744,26.6
745,27.4
746,26.9
747,27.2
748,27.2
749,27.7
750,26.5
751,27.4
752,28.4
753,28.7
754,28.4
755,28.6
756,28.4
757,26.8
758,28.1
759,28.4
760,28.7
761,28.0
762,27.2
763,27.2
764,27.3
765,27.3
766,27.9
767,27.7
768,28.1
769,27.8
770,27.3
771,27.6
772,28.6
773,28.6
774,28.8
775,28.0
776,28.7
777,28.5
778,28.1
779,29.0
780,28.9
781,28.8
782,28.9
783,29.6
784,29.9
785,30.0
786,29.6
787,29.7
788,29.3
789,27.4
790,29.2
791,26.9
792,26.3
793,27.0
794,28.5
795,28.7
796,28.2
797,29.5
798,30.1
799,30.0
800,29.9
801,30.3
802,30.7
803,30.4
804,30.2
805,30.1
806,30.0
807,29.8
808,29.7
809,30.7
810,31.0
811,31.0
812,30.4
813,28.4
814,29.7
815,29.8
816,29.1
817,29.8
818,30.4
819,28.9
820,30.1
821,30.9
822,29.8
823,30.8
824,30.3
825,29.3
826,28.7
827,26.9
828,28.7
829,28.3
830,28.7
831,29.3
832,30.0
833,29.1
834,28.3
835,27.4
836,27.5
837,29.2
838,29.9
839,28.9
840,28.5
841,28.6
842,29.1
843,28.7
844,28.8
845,29.0
846,27.9
847,28.7
848,29.0
849,28.6
850,27.6
851,28.6
852,30.3
853,28.9
854,29.0
855,28.0
856,27.8
857,27.5
858,28.5
859,27.9
860,29.6
861,27.4
862,28.1
863,30.2
864,29.6
865,28.3
866,29.7
867,30.8
868,29.7
869,29.1
870,29.9
871,29.9
872,27.9
873,27.1
874,27.1
875,28.1
876,27.3
877,27.7
878,27.9
879,28.7
880,29.1
881,28.7
882,29.3
883,28.6
884,28.6
885,28.8
886,27.3
887,27.4
888,27.7
889,29.2
890,29.6
891,29.2
892,28.7
893,28.5
894,28.0
895,28.2
896,27.8
897,26.9
898,25.5
899,26.5
900,26.5
901,25.6
902,27.0
903,28.2
904,28.3
905,28.1
906,26.8
907,26.6
908,27.2
909,28.3
910,29.1
911,29.0
912,28.4
913,28.8
914,27.9
915,28.5
916,27.4
917,26.2
918,28.1
919,29.5
920,29.2
921,28.3
922,28.0
923,28.6
924,28.6
925,29.1
926,28.1
927,27.7
928,27.8
929,27.2
930,26.5
931,27.6
932,28.0
933,28.4
934,28.3
935,27.0
936,28.4
937,28.3
938,26.6
939,27.9
940,28.2
941,28.8
942,28.1
943,29.2
944,27.9
945,29.4
946,30.0
947,29.4
948,29.2
949,29.9
950,29.6
951,30.0
952,29.7
953,28.7
954,27.9
955,29.1
956,30.4
957,27.6
958,29.0
959,27.9
960,28.4
961,28.5
962,27.4
963,26.8
964,26.9
965,26.5
966,27.7
967,26.9
968,27.8
969,29.4
970,28.5
971,27.7
972,29.0
973,28.0
974,27.3
975,25.4
976,26.1
977,27.5
978,28.2
979,28.1
980,27.5
981,28.8
982,28.2
983,29.6
984,28.5
985,28.3
986,27.2
987,27.0
988,26.6
989,28.4
990,26.7
991,26.0
992,26.7
993,27.4
994,27.0
995,27.3
996,27.9
997,27.0
998,27.5
999,27.2
1000,28.2
1001,28.2
1002,28.5
1003,28.6
1004,27.9
1005,26.3
1006,28.0
1007,28.0
1008,25.3
1009,25.8
1010,28.1
1011,27.8
1012,25.9
1013,26.7
1014,27.0
1015,28.0
1016,28.0
1017,27.7
1018,27.4
1019,28.1
1020,29.4
1021,29.2
1022,28.0
1023,24.5
1024,27.2
1025,28.2
1026,28.7
1027,28.8
1028,28.0
1029,28.6
1030,28.6
1031,28.3
1032,28.0
1033,26.5
1034,28.3
1035,28.4
1036,28.4
1037,28.4
1038,26.8
1039,27.3
1040,28.1
1041,28.3
1042,28.3
1043,26.4
1044,26.2
1045,26.9
1046,28.0
1047,27.5
1048,27.6
1049,27.5
1050,27.6
1051,26.9
1052,25.0
1053,24.3
1054,23.4
1055,24.5
1056,25.6
1057,28.1
1058,27.2
1059,22.8
1060,25.6
1061,27.4
1062,28.8
1063,28.0
1064,28.1
1065,26.6
1066,26.3
1067,26.5
1068,27.2
1069,27.7
1070,27.5
1071,27.9
1072,28.3
1073,28.3
1074,28.3
1075,27.7
1076,27.1
1077,26.4
1078,25.4
1079,25.6
1080,26.6
1081,27.1
1082,27.2
1083,26.7
1084,25.6
1085,27.7
1086,27.2
1087,27.0
1088,27.0
1089,27.6
1090,27.3
1091,27.2
1092,27.5
1093,27.6
1094,26.9
1095,27.5
1096,27.2
1097,27.6
1098,27.0
1099,26.9
1100,25.9
1101,25.5
1102,24.6
1103,24.5
1104,25.0
1105,25.4
1106,25.9
1107,26.2
1108,26.9
1109,26.2
1110,26.3
1111,26.6
1112,27.8
1113,27.2
1114,27.4
1115,28.6
1116,28.4
1117,28.9
1118,28.8
1119,28.8
1120,29.1
1121,28.7
1122,27.8
1123,28.2
1124,28.5
1125,29.1
1126,28.6
1127,27.8
1128,28.8
1129,29.4
1130,29.1
1131,29.8
1132,29.7
1133,29.1
1134,28.6
1135,28.7
1136,28.8
1137,28.8
1138,28.5
1139,29.0
1140,28.9
1141,29.1
1142,29.5
1143,29.3
1144,29.1
1145,29.4
1146,28.4
1147,29.0
1148,28.8
1149,29.6
1150,29.2
1151,28.5
1152,28.5
1153,28.5
1154,28.3
1155,27.5
1156,28.1
1157,28.3
1158,28.2
1159,28.5
1160,28.8
1161,28.9
1162,30.0
1163,29.4
1164,29.8
1165,30.7
1166,30.1
1167,30.0
1168,30.2
1169,30.4
1170,30.2
1171,30.5
1172,30.4
1173,29.5
1174,29.9
1175,30.1
1176,29.9
1177,30.1
1178,29.7
1179,30.3
1180,30.6
1181,31.0
1182,30.6
1183,30.9
1184,29.8
1185,28.9
1186,30.2
1187,29.6
1188,30.1
1189,27.9
1190,28.8
1191,29.1
1192,28.4
1193,28.3
1194,28.2
1195,29.7
1196,29.3
1197,30.1
1198,29.6
1199,29.7
1200,30.5
1201,30.6
1202,30.4
1203,29.7
1204,28.4
1205,27.1
1206,28.1
1207,27.3
1208,28.5
1209,27.7
1210,29.4
1211,28.9
1212,28.3
1213,29.0
1214,28.2
1215,29.8
1216,29.1
1217,28.3
1218,25.8
1219,26.8
1220,28.0
1221,28.3
1222,28.3
1223,28.4
1224,28.2
1225,27.1
1226,28.4
1227,28.2
1228,28.2
1229,27.3
1230,28.0
1231,28.4
1232,28.2
1233,27.6
1234,26.8
1235,27.8
1236,28.4
1237,29.8
1238,29.7
1239,29.4
1240,29.4
1241,29.2
1242,27.0
1243,27.7
1244,28.4
1245,29.4
1246,30.0
1247,29.7
1248,28.6
1249,28.2
1250,28.4
1251,27.5
1252,26.3
1253,28.0
1254,28.1
1255,27.6
1256,27.5
1257,28.2
1258,27.4
1259,28.0
1260,27.0
1261,28.2
1262,27.9
1263,27.8
1264,26.7
1265,27.6
1266,28.8
1267,28.6
1268,28.6
1269,28.4
1270,29.3
1271,27.6
1272,29.2
1273,29.3
1274,29.1
1275,28.8
1276,28.1
1277,28.6
1278,29.4
1279,28.6
1280,28.8
1281,28.3
1282,26.8
1283,26.7
1284,27.3
1285,26.4
1286,26.1
1287,26.3
1288,26.9
1289,27.5
1290,27.0
1291,26.7
1292,27.5
1293,28.7
1294,28.8
1295,27.2
1296,26.9
1297,27.9
1298,28.2
1299,29.1
1300,28.4
1301,28.6
1302,28.8
1303,28.2
1304,28.3
1305,28.5
1306,28.4
1307,29.2
1308,29.7
1309,27.9
1310,29.4
1311,26.0
1312,27.0
1313,28.5
1314,28.3
1315,27.7
1316,26.1
1317,27.4
1318,28.7
1319,28.2
1320,26.9
1321,26.6
1322,27.0
1323,27.1
1324,26.8
1325,26.4
1326,27.6
1327,27.9
1328,27.2
1329,28.1
1330,27.6
1331,26.1
1332,26.2
1333,27.9
1334,28.4
1335,29.3
1336,28.2
1337,28.5
1338,28.4
1339,28.4
1340,27.0
1341,26.9
1342,26.4
1343,27.1
1344,27.6
1345,27.8
1346,28.5
1347,29.3
1348,29.5
1349,28.5
1350,29.3
1351,28.6
1352,28.4
1353,28.4
1354,29.2
1355,27.9
1356,27.9
1357,26.1
1358,27.7
1359,28.0
1360,27.9
1361,26.9
1362,26.8
1363,28.4
1364,29.2
1365,29.7
1366,29.9
1367,29.0
1368,28.0
1369,27.8
1370,27.9
1371,28.3
1372,28.7
1373,28.6
1374,29.1
1375,29.8
1376,26.4
1377,28.9
1378,29.0
1379,29.7
1380,29.6
1381,28.0
1382,28.2
1383,28.6
1384,29.2
1385,28.2
1386,27.6
1387,27.2
1388,27.9
1389,29.0
1390,28.8
1391,28.8
1392,28.6
1393,26.8
1394,24.3
1395,24.7
1396,27.9
1397,27.0
1398,28.7
1399,29.0
1400,29.4
1401,28.9
1402,28.8
1403,29.0
1404,29.0
1405,29.7
1406,28.9
1407,29.5
1408,28.7
1409,28.8
1410,27.7
1411,28.0
1412,28.2
1413,28.0
1414,28.0
1415,28.5
1416,27.9
1417,28.2
1418,28.0
1419,28.1
1420,27.9
1421,28.0
1422,27.9
1423,27.5
1424,27.8
1425,27.4
1426,27.0
1427,26.1
1428,26.6
1429,27.3
1430,27.3
1431,26.1
1432,24.7
1433,27.1
1434,29.4
1435,29.1
1436,28.8
1437,28.8
1438,27.6
1439,28.3
1440,28.8
1441,28.6
1442,28.8
1443,28.8
1444,28.2
1445,27.7
1446,28.8
1447,28.1
1448,28.0
1449,27.8
1450,27.9
1451,28.1
1452,27.5
1453,26.5
1454,26.6
1455,26.6
1456,26.9
1457,27.0
1458,27.2
1459,27.5
1460,28.9
1461,28.1
1462,27.7
1463,28.4
1464,28.6
1465,28.4
1466,28.3
1467,28.3
1468,28.3
1469,28.0
1470,27.4
1471,28.3
1472,28.6
1473,29.6
1474,28.6
1475,28.8
1476,29.1
1477,28.7
1478,28.5
1479,28.4
1480,28.5
1481,29.0
1482,29.2
1483,28.4
1484,28.3
1485,28.2
1486,28.7
1487,29.0
1488,29.0
1489,28.8
1490,28.5
1491,28.1
1492,27.6
1493,27.6
1494,28.1
1495,28.5
1496,28.4
1497,28.8
1498,29.3
1499,29.5
1500,29.7
1501,29.3
1502,29.9
1503,29.3
1504,29.8
1505,30.0
1506,30.4
1507,30.5
1508,30.1
1509,29.6
1510,29.7
1511,30.2
1512,30.1
1513,30.2
1514,30.2
1515,30.8
1516,30.5
1517,30.0
1518,30.1
1519,30.6
1520,30.1
1521,29.7
1522,30.0
1523,30.0
1524,29.0
1525,29.3
1526,30.1
1527,30.3
1528,30.1
1529,30.4
1530,30.7
1531,30.8
1532,30.9
1533,31.0
1534,31.0
1535,31.4
1536,31.3
1537,30.8
1538,31.0
1539,31.5
1540,30.9
1541,31.1
1542,31.5
1543,31.8
1544,31.6
1545,31.4
1546,31.0
1547,31.4
1548,28.0
1549,30.0
1550,31.5
1551,31.6
1552,30.0
1553,29.3
1554,31.0
1555,31.7
1556,32.1
1557,31.4
1558,31.2
1559,29.2
1560,27.8
1561,27.8
1562,27.7
1563,29.8
1564,29.7
1565,30.2
1566,28.6
1567,30.5
1568,31.0
1569,29.8
1570,29.6
1571,29.3
1572,28.2
1573,29.0
1574,30.2
1575,29.4
1576,28.9
1577,29.1
1578,29.1
1579,28.1
1580,28.4
1581,30.2
1582,30.8
1583,29.1
1584,28.0
1585,28.6
1586,28.6
1587,28.4
1588,28.4
1589,28.0
1590,28.7
1591,29.2
1592,28.9
1593,29.7
1594,29.4
1595,28.9
1596,29.5
1597,28.6
1598,27.9
1599,29.3
1600,30.2
1601,30.4
1602,29.2
1603,29.2
1604,29.4
1605,28.4
1606,29.2
1607,29.2
1608,29.1
1609,28.0
1610,28.5
1611,28.3
1612,27.8
1613,28.4
1614,26.1
1615,26.6
1616,28.6
1617,28.3
1618,28.7
1619,29.2
1620,29.7
1621,30.0
1622,30.6
1623,30.2
1624,29.9
1625,29.2
1626,29.2
1627,28.2
1628,26.8
1629,28.1
1630,28.1
1631,29.1
1632,29.6
1633,28.8
1634,28.6
1635,28.5
1636,26.3
1637,28.2
1638,27.4
1639,26.8
1640,27.1
1641,28.4
1642,28.4
1643,28.3
1644,26.9
1645,27.2
1646,27.9
1647,27.2
1648,26.2
1649,26.2
1650,26.7
1651,26.4
1652,27.4
1653,27.4
1654,29.1
1655,29.0
1656,29.4
1657,29.6
1658,28.7
1659,28.1
1660,29.0
1661,29.8
1662,28.8
1663,27.5
1664,27.9
1665,28.5
1666,28.4
1667,27.8
1668,28.1
1669,29.3
1670,28.9
1671,26.3
1672,27.8
1673,28.7
1674,28.0
1675,27.7
1676,27.1
1677,26.4
1678,26.8
1679,28.2
1680,28.3
1681,27.7
1682,28.5
1683,28.7
1684,29.6
1685,29.7
1686,27.1
1687,26.4
1688,26.3
1689,26.6
1690,27.5
1691,26.2
1692,26.9
1693,27.2
1694,26.7
1695,27.1
1696,27.5
1697,28.8
1698,29.9
1699,27.9
1700,27.6
1701,27.9
1702,28.1
1703,27.3
1704,27.6
1705,27.4
1706,27.6
1707,27.6
1708,27.5
1709,27.1
1710,28.1
1711,29.1
1712,27.2
1713,27.9
1714,28.8
1715,28.5
1716,27.6
1717,28.3
1718,29.2
1719,28.6
1720,28.5
1721,27.8
1722,28.4
1723,29.2
1724,28.4
1725,29.3
1726,29.1
1727,29.4
1728,29.1
1729,29.2
1730,29.3
1731,28.3
1732,28.8
1733,29.4
1734,27.4
1735,28.4
1736,28.1
1737,27.0
1738,28.9
1739,28.3
1740,26.9
1741,27.4
1742,27.9
1743,27.0
1744,25.5
1745,23.3
1746,26.8
1747,27.8
1748,28.1
1749,27.5
1750,27.9
1751,27.7
1752,28.0
1753,27.9
1754,27.6
1755,27.9
1756,27.6
1757,27.1
1758,28.0
1759,28.4
1760,28.6
1761,28.7
1762,29.2
1763,28.6
1764,28.5
1765,28.1
1766,27.0
1767,25.7
1768,25.3
1769,25.3
1770,25.5
1771,24.7
1772,25.7
1773,25.6
1774,25.7
1775,26.0
1776,26.1
1777,26.9
1778,27.5
1779,28.3
1780,28.7
1781,28.2
1782,28.6
1783,27.9
1784,27.2
1785,27.5
1786,27.6
1787,27.7
1788,27.9
1789,27.2
1790,27.2
1791,27.0
1792,26.2
1793,26.6
1794,28.1
1795,28.8
1796,28.6
1797,28.8
1798,28.5
1799,27.7
1800,27.2
1801,27.9
1802,29.4
1803,28.8
1804,28.4
1805,28.7
1806,27.9
1807,27.4
1808,27.6
1809,27.0
1810,27.5
1811,28.1
1812,28.2
1813,27.2
1814,27.9
1815,28.4
1816,29.4
1817,28.9
1818,29.0
1819,28.4
1820,28.1
1821,27.8
1822,27.4
1823,27.2
1824,27.4
1825,27.7
1826,26.9
1827,27.2
1828,26.5
1829,27.1
1830,27.6
1831,27.6
1832,27.0
1833,27.7
1834,27.8
1835,28.5
1836,27.8
1837,29.0
1838,29.6
1839,29.0
1840,27.8
1841,28.2
1842,28.8
1843,28.7
1844,28.2
1845,27.9
1846,28.2
1847,29.0
1848,28.2
1849,28.1
1850,28.1
1851,28.4
1852,29.1
1853,29.1
1854,28.5
1855,28.8
1856,29.4
1857,29.5
1858,29.2
1859,28.9
1860,29.1
1861,28.7
1862,28.6
1863,29.4
1864,29.6
1865,29.8
1866,29.2
1867,30.2
1868,29.4
1869,29.4
1870,30.4
1871,30.1
1872,30.1
1873,29.6
1874,29.6
1875,29.4
1876,29.3
1877,29.2
1878,29.3
1879,29.2
1880,29.7
1881,29.7
1882,29.3
1883,29.3
1884,29.9
1885,30.0
1886,30.2
1887,30.5
1888,30.6
1889,31.0
1890,30.9
1891,31.3
1892,30.5
1893,30.0
1894,29.7
1895,29.6
1896,29.3
1897,29.7
1898,29.8
1899,28.2
1900,28.7
1901,29.0
1902,30.0
1903,30.2
1904,30.0
1905,30.5
1906,30.7
1907,30.8
1908,30.9
1909,31.9
1910,30.5
1911,29.2
1912,28.5
1913,28.8
1914,29.6
1915,30.9
1916,31.1
1917,30.8
1918,30.5
1919,30.9
1920,30.9
1921,31.3
1922,31.6
1923,31.5
1924,31.5
1925,31.9
1926,31.8
1927,31.9
1928,31.9
1929,31.8
1930,31.9
1931,31.5
1932,30.6
1933,31.2
1934,31.8
1935,30.5
1936,28.9
1937,31.0
1938,30.7
1939,29.7
1940,30.0
1941,28.5
1942,31.1
1943,30.0
1944,29.0
1945,29.3
1946,28.0
1947,29.5
1948,29.6
1949,27.5
1950,28.4
1951,27.7
1952,28.4
1953,28.6
1954,30.1
1955,30.7
1956,29.7
1957,27.4
1958,28.8
1959,29.7
1960,28.4
1961,26.9
1962,27.5
1963,28.1
1964,27.7
1965,30.0
1966,29.8
1967,29.7
1968,27.5
1969,28.9
1970,30.2
1971,29.2
1972,26.9
1973,28.0
1974,28.8
1975,27.4
1976,26.0
1977,26.9
1978,27.7
1979,28.0
1980,27.1
1981,28.7
1982,28.0
1983,28.0
1984,29.6
1985,27.0
1986,29.1
1987,29.0
1988,29.3
1989,28.5
1990,27.3
1991,29.5
1992,28.6
1993,29.6
1994,30.0
1995,28.3
1996,29.4
1997,28.1
1998,28.1
1999,29.8
2000,28.3
2001,26.9
2002,28.6
2003,29.0
2004,29.9
2005,28.9
2006,28.6
2007,29.0
2008,28.5
2009,27.2
2010,25.7
2011,26.3
2012,28.2
2013,27.2
2014,26.5
2015,27.2
2016,27.1
2017,26.9
2018,27.1
2019,29.7
2020,28.0
2021,27.1
2022,27.7
2023,27.4
2024,28.7
2025,28.8
2026,29.2
2027,27.7
2028,28.3
2029,29.7
2030,29.6
2031,29.7
2032,29.0
2033,30.2
2034,30.5
2035,30.5
2036,30.2
2037,29.9
2038,29.0
2039,28.7
2040,27.5
2041,28.6
2042,29.4
2043,29.1
2044,28.5
2045,28.4
2046,28.6
2047,29.4
2048,28.7
2049,28.3
2050,28.1
2051,28.5
2052,26.7
2053,26.3
2054,27.4
2055,28.6
2056,28.0
2057,27.1
2058,25.3
2059,26.9
2060,27.9
2061,28.3
2062,27.0
2063,27.6
2064,28.1
2065,27.3
2066,26.7
2067,27.2
2068,27.1
2069,28.1
2070,28.6
2071,27.8
2072,28.1
2073,28.3
2074,26.5
2075,27.4
2076,26.1
2077,27.3
2078,26.4
2079,26.7
2080,26.4
2081,27.0
2082,26.7
2083,25.8
2084,26.5
2085,25.7
2086,26.1
2087,26.3
2088,28.0
2089,28.2
2090,27.9
2091,29.0
2092,28.2
2093,28.1
2094,27.7
2095,28.0
2096,27.5
2097,27.1
2098,27.3
2099,28.3
2100,27.6
2101,28.2
2102,27.8
2103,28.6
2104,28.0
2105,28.7
2106,27.8
2107,28.4
2108,28.3
2109,27.0
2110,26.4
2111,25.4
2112,27.1
2113,27.5
2114,28.0
2115,28.3
2116,28.1
2117,29.0
2118,28.4
2119,28.6
2120,28.7
2121,27.7
2122,27.8
2123,27.8
2124,28.0
2125,28.3
2126,28.5
2127,28.3
2128,28.3
2129,26.8
2130,27.2
2131,27.8
2132,28.2
2133,27.5
2134,26.8
2135,26.7
2136,27.8
2137,27.3
2138,27.4
2139,27.6
2140,27.0
2141,27.2
2142,27.9
2143,27.4
2144,28.2
2145,28.0
2146,28.0
2147,28.5
2148,28.1
2149,27.4
2150,25.8
2151,26.2
2152,25.5
2153,25.4
2154,27.5
2155,27.7
2156,28.1
2157,27.9
2158,27.6
2159,28.1
2160,27.2
2161,26.4
2162,25.5
2163,25.8
2164,26.9
2165,27.8
2166,27.4
2167,27.9
2168,28.2
2169,27.7
2170,27.1
2171,26.0
2172,26.4
2173,25.2
2174,23.4
2175,24.2
2176,25.3
2177,25.8
2178,26.4
2179,25.7
2180,23.8
2181,26.6
2182,27.2
2183,26.2
2184,27.0
2185,27.0
2186,26.9
2187,27.9
2188,27.6
2189,27.1
2190,27.0
2191,26.0
2192,27.2
2193,27.1
2194,26.7
2195,26.6
2196,27.2
2197,27.7
2198,27.4
2199,27.3
2200,26.3
2201,28.0
2202,27.8
2203,26.3
2204,26.4
2205,26.0
2206,25.3
2207,24.9
2208,25.5
2209,26.4
2210,26.2
2211,26.7
2212,26.8
2213,26.2
2214,25.9
2215,26.1
2216,26.6
2217,27.1
2218,27.7
2219,28.1
2220,28.5
2221,28.8
2222,28.6
2223,28.9
2224,29.3
2225,28.7
2226,28.8
2227,28.8
2228,29.2
2229,29.1
2230,29.2
2231,29.5
2232,29.9
2233,29.5
2234,28.3
2235,28.2
2236,27.9
2237,28.0
2238,28.4
2239,29.3
2240,29.2
2241,29.5
2242,30.2
2243,30.0
2244,30.3
2245,30.4
2246,30.3
2247,30.2
2248,29.7
2249,29.7
2250,29.7
2251,30.3
2252,30.5
2253,31.1
2254,28.9
2255,29.2
2256,29.4
2257,30.4
2258,30.2
2259,28.7
2260,28.5
2261,29.1
2262,29.8
2263,29.3
2264,29.8
2265,30.2
2266,28.9
2267,28.4
2268,28.4
2269,28.4
2270,28.5
2271,29.7
2272,29.6
2273,27.9
2274,27.8
2275,29.0
2276,29.5
2277,30.2
2278,30.0
2279,30.1
2280,30.1
2281,30.5
2282,30.6
2283,30.9
2284,31.0
2285,31.1
2286,31.7
2287,30.3
2288,29.3
2289,29.4
2290,30.7
2291,30.8
2292,31.0
2293,30.8
2294,31.4
2295,30.8
2296,29.3
2297,30.3
2298,29.7
2299,29.5
2300,29.3
2301,30.4
2302,28.6
2303,27.9
2304,27.3
2305,26.9
2306,25.0
2307,27.0
2308,27.2
2309,29.0
2310,29.2
2311,30.4
2312,30.7
2313,29.9
2314,28.7
2315,30.4
2316,31.0
2317,30.1
2318,28.5
2319,28.2
2320,26.5
2321,27.9
2322,27.8
2323,28.1
2324,27.9
2325,28.8
2326,29.2
2327,27.6
2328,29.0
2329,29.7
2330,29.8
2331,29.7
2332,29.8
2333,28.6
2334,28.0
2335,28.0
2336,29.3
2337,29.0
2338,29.6
2339,30.4
2340,30.4
2341,30.1
2342,29.6
2343,30.3
2344,30.9
2345,30.6
2346,28.9
2347,27.5
2348,27.4
2349,27.8
2350,27.2
2351,27.9
2352,29.4
2353,30.1
2354,29.5
2355,29.2
2356,27.8
2357,27.2
2358,28.7
2359,29.3
2360,28.5
2361,26.4
2362,27.4
2363,27.7
2364,27.3
2365,27.1
2366,29.4
2367,27.6
2368,28.9
2369,27.7
2370,27.3
2371,26.9
2372,28.2
2373,29.5
2374,28.7
2375,28.7
2376,29.2
2377,29.1
2378,29.1
2379,29.5
2380,29.8
2381,30.0
2382,30.2
2383,29.1
2384,27.9
2385,28.0
2386,28.6
2387,28.9
2388,28.5
2389,28.5
2390,27.6
2391,28.0
2392,28.1
2393,27.5
2394,27.8
2395,29.1
2396,27.6
2397,26.9
2398,27.2
2399,26.7
2400,28.5
2401,26.6
2402,27.4
2403,27.2
2404,27.5
2405,28.5
2406,27.7
2407,27.7
2408,26.8
2409,27.1
2410,27.7
2411,27.9
2412,27.9
2413,27.2
2414,27.3
2415,28.0
2416,27.2
2417,27.1
2418,26.8
2419,27.4
2420,28.0
2421,28.1
2422,27.5
2423,26.6
2424,27.0
2425,27.2
2426,27.6
2427,27.7
2428,27.3
2429,26.9
2430,26.6
2431,28.6
2432,29.0
2433,28.6
2434,27.6
2435,27.7
2436,25.8
2437,27.0
2438,27.9
2439,27.4
2440,26.6
2441,26.9
2442,27.8
2443,27.2
2444,28.1
2445,27.1
2446,27.4
2447,28.2
2448,28.4
2449,28.4
2450,26.4
2451,26.3
2452,28.6
2453,28.9
2454,27.1
2455,27.7
2456,27.7
2457,27.6
2458,27.3
2459,27.3
2460,28.0
2461,26.6
2462,28.4
2463,29.1
2464,28.3
2465,28.1
2466,28.8
2467,29.2
2468,29.5
2469,29.3
2470,28.6
2471,29.1
2472,29.1
2473,29.8
2474,28.1
2475,28.6
2476,26.8
2477,27.9
2478,28.6
2479,26.8
2480,27.8
2481,27.8
2482,27.9
2483,27.7
2484,28.5
2485,27.1
2486,28.5
2487,28.6
2488,27.6
2489,28.4
2490,28.0
2491,27.8
2492,26.0
2493,26.8
2494,26.7
2495,26.1
2496,26.8
2497,26.2
2498,26.2
2499,24.5
2500,25.0
2501,26.6
2502,26.3
2503,27.2
2504,27.3
2505,27.1
2506,26.6
2507,27.4
2508,27.9
2509,27.5
2510,28.4
2511,28.9
2512,28.3
2513,27.7
2514,26.6
2515,26.7
2516,27.6
2517,26.9
2518,27.5
2519,26.0
2520,27.2
2521,27.9
2522,27.3
2523,27.1
2524,27.4
2525,27.8
2526,27.6
2527,27.5
2528,27.6
2529,27.5
2530,27.3
2531,27.6
2532,27.6
2533,28.4
2534,27.8
2535,27.4
2536,27.9
2537,27.8
2538,26.7
2539,26.1
2540,27.1
2541,26.7
2542,27.6
2543,27.6
2544,27.4
2545,27.1
2546,27.0
2547,27.3
2548,27.5
2549,27.6
2550,28.1
2551,27.6
2552,27.5
2553,27.8
2554,27.8
2555,28.0
2556,27.7
2557,28.4
2558,29.1
2559,29.2
2560,29.1
2561,28.8
2562,28.7
2563,28.5
2564,29.2
2565,28.8
2566,29.0
2567,29.4
2568,28.7
2569,29.4
2570,28.9
2571,29.2
2572,28.9
2573,29.1
2574,28.6
2575,29.0
2576,28.7
2577,28.3
2578,27.7
2579,26.6
2580,27.6
2581,27.7
2582,27.6
2583,28.7
2584,29.0
2585,29.3
2586,29.4
2587,28.6
2588,29.4
2589,29.6
2590,29.4
2591,29.8
2592,29.6
2593,29.3
2594,28.6
2595,27.3
2596,28.7
2597,27.6
2598,29.8
2599,29.6
2600,29.7
2601,29.1
2602,29.2
2603,29.5
2604,29.6
2605,29.0
2606,29.4
2607,28.3
2608,29.3
2609,30.0
2610,30.1
2611,30.6
2612,30.5
2613,29.4
2614,28.1
2615,28.9
2616,28.1
2617,28.0
2618,29.3
2619,28.0
2620,27.4
2621,27.5
2622,28.7
2623,28.8
2624,29.4
2625,29.2
2626,29.1
2627,29.0
2628,29.5
2629,29.9
2630,29.9
2631,28.7
2632,27.6
2633,29.0
2634,30.1
2635,29.9
2636,29.5
2637,30.3
2638,30.4
2639,30.0
2640,30.3
2641,30.4
2642,30.7
2643,31.0
2644,31.1
2645,26.9
2646,26.6
2647,27.5
2648,27.8
2649,28.3
2650,27.2
2651,27.8
2652,29.1
2653,30.0
2654,29.2
2655,30.2
2656,29.9
2657,30.1
2658,29.4
2659,29.6
2660,30.7
2661,30.5
2662,29.0
2663,28.6
2664,27.4
2665,27.5
2666,29.7
2667,28.1
2668,27.3
2669,27.7
2670,30.2
2671,30.2
2672,28.7
2673,27.1
2674,27.2
2675,27.5
2676,27.6
2677,29.7
2678,29.3
2679,27.3
2680,27.2
2681,27.8
2682,28.8
2683,29.6
2684,30.2
2685,30.7
2686,31.1
2687,29.4
2688,30.4
2689,27.4
2690,28.6
2691,30.1
2692,29.2
2693,29.9
2694,29.4
2695,28.9
2696,27.8
2697,28.0
2698,28.2
2699,27.2
2700,27.2
2701,27.0
2702,28.8
2703,29.5
2704,29.1
2705,28.2
2706,29.7
2707,28.4
2708,27.6
2709,28.0
2710,27.4
2711,28.6
2712,28.9
2713,29.1
2714,29.2
2715,27.6
2716,27.4
2717,26.5
2718,26.9
2719,26.5
2720,27.1
2721,27.6
2722,27.4
2723,28.2
2724,28.3
2725,28.8
2726,27.5
2727,25.6
2728,25.7
2729,28.5
2730,27.8
2731,28.9
2732,29.6
2733,28.6
2734,28.2
2735,28.1
2736,29.3
2737,29.5
2738,29.4
2739,27.4
2740,28.2
2741,28.4
2742,27.3
2743,27.9
2744,27.0
2745,27.1
2746,26.6
2747,27.5
2748,28.4
2749,26.2
2750,27.8
2751,29.6
2752,29.6
2753,27.2
2754,26.8
2755,27.9
2756,28.7
2757,28.6
2758,28.5
2759,28.4
2760,28.8
2761,28.9
2762,28.3
2763,27.4
2764,26.6
2765,28.3
2766,28.0
2767,29.2
2768,29.2
2769,28.2
2770,29.1
2771,27.9
2772,28.5
2773,28.0
2774,28.0
2775,27.6
2776,26.0
2777,27.4
2778,29.2
2779,29.6
2780,28.1
2781,27.3
2782,28.3
2783,27.9
2784,28.3
2785,28.1
2786,28.6
2787,28.2
2788,27.4
2789,27.6
2790,28.3
2791,27.8
2792,28.3
2793,27.7
2794,27.2
2795,26.0
2796,26.2
2797,26.8
2798,25.9
2799,27.5
2800,27.6
2801,27.3
2802,28.3
2803,28.4
2804,28.6
2805,27.5
2806,28.3
2807,25.9
2808,27.1
2809,27.2
2810,26.8
2811,28.6
2812,28.6
2813,27.5
2814,26.3
2815,26.9
2816,28.4
2817,28.4
2818,25.9
2819,26.4
2820,28.6
2821,28.9
2822,28.0
2823,28.4
2824,27.4
2825,28.7
2826,26.9
2827,27.4
2828,27.6
2829,28.8
2830,28.6
2831,28.0
2832,27.4
2833,26.0
2834,26.2
2835,27.6
2836,27.6
2837,27.6
2838,28.6
2839,29.0
2840,28.7
2841,29.2
2842,27.8
2843,27.8
2844,28.3
2845,28.1
2846,28.2
2847,28.1
2848,28.4
2849,26.1
2850,25.8
2851,26.2
2852,26.3
2853,26.4
2854,26.8
2855,28.0
2856,27.9
2857,28.5
2858,28.8
2859,29.1
2860,28.9
2861,29.3
2862,28.1
2863,26.8
2864,27.5
2865,28.6
2866,28.2
2867,27.0
2868,28.6
2869,28.2
2870,27.5
2871,27.6
2872,27.3
2873,26.8
2874,26.6
2875,27.2
2876,28.6
2877,28.0
2878,27.4
2879,26.4
2880,27.0
2881,27.6
2882,27.5
2883,26.1
2884,24.7
2885,25.0
2886,25.6
2887,25.2
2888,26.3
2889,27.6
2890,27.2
2891,25.9
2892,26.5
2893,26.7
2894,28.1
2895,27.6
2896,25.8
2897,25.7
2898,25.9
2899,25.9
2900,26.7
2901,26.3
2902,27.2
2903,27.5
2904,27.7
2905,28.6
2906,28.6
2907,28.5
2908,27.4
2909,27.1
2910,27.6
2911,27.7
2912,28.8
2913,28.8
2914,29.2
2915,28.0
2916,26.6
2917,27.0
2918,27.5
2919,27.1
2920,25.7
2921,25.1
2922,27.0
2923,27.3
2924,27.8
2925,29.4
2926,29.1
2927,28.4
2928,28.9
2929,28.6
2930,28.9
2931,29.5
2932,29.2
2933,28.8
2934,28.9
2935,28.5
2936,27.9
2937,28.6
2938,27.8
2939,28.4
2940,27.7
2941,27.9
2942,27.6
2943,27.7
2944,27.5
2945,27.9
2946,27.5
2947,27.2
2948,27.7
2949,27.7
2950,28.5
2951,28.9
2952,29.1
2953,27.8
2954,26.9
2955,27.1
2956,26.6
2957,27.2
2958,27.2
2959,27.2
2960,26.8
2961,27.3
2962,27.5
2963,27.7
2964,27.8
2965,27.6
2966,28.6
2967,28.4
2968,28.6
2969,29.5
2970,29.2
2971,29.0
2972,29.0
2973,29.3
2974,29.4
2975,28.8
2976,29.5
2977,29.5
2978,30.3
2979,30.1
2980,29.5
2981,29.2
2982,29.1
2983,29.7
2984,29.2
2985,30.1
2986,30.2
2987,30.2
2988,30.4
2989,31.0
2990,30.7
2991,30.0
2992,30.1
2993,30.1
2994,30.8
2995,31.0
2996,30.2
2997,28.7
2998,30.1
2999,30.2
3000,30.3
3001,30.9
3002,31.1
3003,31.5
3004,31.2
3005,31.1
3006,31.3
3007,30.9
3008,31.3
3009,31.2
3010,31.1
3011,30.8
3012,30.9
3013,31.9
3014,32.0
3015,31.5
3016,31.4
3017,32.4
3018,31.6
3019,29.5
3020,27.8
3021,30.0
3022,30.3
3023,29.7
3024,30.3
3025,31.2
3026,30.2
3027,29.3
3028,29.8
3029,30.6
3030,31.6
3031,30.0
3032,28.1
3033,28.7
3034,30.1
3035,30.3
3036,30.1
3037,28.4
3038,26.4
3039,27.5
3040,28.8
3041,29.5
3042,29.1
3043,30.1
3044,30.3
3045,30.6
3046,29.7
3047,27.6
3048,27.8
3049,28.4
3050,28.7
3051,28.4
3052,28.1
3053,29.0
3054,28.7
3055,28.2
3056,30.4
3057,30.0
3058,29.9
3059,28.6
3060,28.1
3061,30.1
3062,30.8
3063,30.6
3064,30.2
3065,29.8
3066,29.6
3067,27.6
3068,28.7
3069,28.6
3070,28.3
3071,28.1
3072,28.7
3073,27.5
3074,26.5
3075,28.3
3076,29.2
3077,28.6
3078,28.2
3079,29.8
3080,28.8
3081,27.5
3082,29.2
3083,30.0
3084,30.0
3085,29.3
3086,28.1
3087,29.0
3088,27.7
3089,27.3
3090,27.9
3091,28.0
3092,26.5
3093,26.3
3094,27.4
3095,27.2
3096,26.9
3097,27.6
3098,28.2
3099,27.7
3100,28.4
3101,27.5
3102,28.0
3103,28.8
3104,28.8
3105,29.1
3106,28.7
3107,29.1
3108,29.4
3109,29.5
3110,29.8
3111,30.0
3112,30.2
3113,30.2
3114,30.4
3115,30.3
3116,29.3
3117,29.5
3118,29.8
3119,29.0
3120,28.7
3121,28.4
3122,28.5
3123,27.4
3124,28.7
3125,29.0
3126,29.7
3127,29.7
3128,30.3
3129,29.7
3130,29.0
3131,28.9
3132,29.0
3133,27.1
3134,27.7
3135,27.8
3136,27.8
3137,27.6
3138,28.2
3139,27.8
3140,29.1
3141,28.6
3142,27.8
3143,27.4
3144,28.0
3145,28.0
3146,28.1
3147,28.3
3148,27.6
3149,27.9
3150,27.8
3151,27.9
3152,29.1
3153,28.7
3154,28.8
3155,27.7
3156,27.7
3157,27.6
3158,27.7
3159,27.6
3160,27.2
3161,26.9
3162,28.4
3163,29.5
3164,26.9
3165,27.1
3166,25.8
3167,27.1
3168,28.3
3169,27.8
3170,28.2
3171,28.7
3172,28.9
3173,29.0
3174,28.3
3175,29.8
3176,28.7
3177,27.8
3178,28.8
3179,28.2
3180,27.3
3181,28.3
3182,28.8
3183,28.8
3184,28.5
3185,28.0
3186,27.9
3187,26.8
3188,27.9
3189,27.7
3190,28.1
3191,28.8
3192,27.3
3193,26.7
3194,27.8
3195,27.7
3196,28.3
3197,28.1
3198,27.9
3199,28.6
3200,28.8
3201,28.6
3202,28.4
3203,29.2
3204,29.5
3205,28.6
3206,29.5
3207,29.1
3208,29.6
3209,28.9
3210,28.0
3211,27.2
3212,28.2
3213,27.7
3214,27.6
3215,28.0
3216,29.0
3217,28.0
3218,27.5
3219,26.8
3220,28.1
3221,28.3
3222,28.5
3223,28.1
3224,28.7
3225,29.7
3226,29.6
3227,28.1
3228,27.4
3229,29.0
3230,29.5
3231,28.8
3232,28.5
3233,27.8
3234,28.4
3235,28.9
3236,29.3
3237,29.7
3238,29.4
3239,30.6
3240,29.7
3241,29.2
3242,29.3
3243,28.9
3244,29.3
3245,28.9
3246,29.0
3247,28.1
3248,27.6
3249,26.9
3250,28.0
3251,27.9
3252,28.1
3253,28.3
3254,29.3
3255,29.5
3256,28.7
3257,28.1
3258,28.6
3259,28.6
3260,28.1
3261,27.7
3262,28.6
3263,28.8
3264,28.6
3265,28.8
3266,29.3
3267,28.5
3268,27.5
3269,27.1
3270,27.3
3271,27.7
3272,28.2
3273,28.9
3274,29.0
3275,28.6
3276,27.8
3277,28.0
3278,29.2
3279,28.7
3280,28.7
3281,29.0
3282,28.8
3283,28.5
3284,28.9
3285,29.0
3286,29.1
3287,29.0
3288,28.8
3289,28.1
3290,28.6
3291,28.9
3292,28.4
3293,29.0
3294,28.6
3295,28.1
3296,29.3
3297,29.2
3298,29.1
3299,28.3
3300,29.5
3301,30.5
3302,30.7
3303,30.1
3304,29.5
3305,29.2
3306,29.1
3307,28.9
3308,28.7
3309,29.3
3310,29.4
3311,30.1
3312,29.8
3313,30.4
3314,30.1
3315,30.0
3316,30.1
3317,29.9
3318,29.9
3319,29.4
3320,29.3
3321,29.0
3322,29.2
3323,29.5
3324,30.3
3325,30.0
3326,30.1
3327,30.6
3328,30.8
3329,30.1
3330,29.8
3331,29.4
3332,30.0
3333,30.3
3334,29.9
3335,29.9
3336,29.9
3337,29.9
3338,30.0
3339,29.6
3340,29.9
3341,30.0
3342,31.2
3343,31.3
3344,30.3
3345,30.2
3346,31.0
3347,31.0
3348,31.0
3349,30.9
3350,31.0
3351,31.1
3352,30.8
3353,30.6
3354,30.8
3355,31.0
3356,31.6
3357,31.8
3358,32.0
3359,32.0
3360,31.1
3361,30.7
3362,31.1
3363,31.7
3364,31.4
3365,31.3
3366,31.3
3367,31.1
3368,31.7
3369,31.4
3370,31.8
3371,31.9
3372,32.5
3373,32.6
3374,32.6
3375,33.0
3376,33.0
3377,32.5
3378,32.9
3379,32.9
3380,32.8
3381,32.0
3382,29.9
3383,31.4
3384,30.9
3385,31.1
3386,31.7
3387,32.1
3388,32.3
3389,32.4
3390,32.3
3391,31.3
3392,30.8
3393,29.2
3394,30.7
3395,31.0
3396,31.1
3397,30.4
3398,28.7
3399,29.9
3400,29.3
3401,31.1
3402,32.4
3403,30.5
3404,31.7
3405,29.9
3406,30.7
3407,29.5
3408,28.4
3409,29.7
3410,30.2
3411,31.6
3412,32.3
3413,30.9
3414,31.4
3415,28.4
3416,29.3
3417,29.4
3418,29.6
3419,30.8
3420,30.7
3421,31.4
3422,30.1
3423,30.6
3424,29.1
3425,29.9
3426,30.4
3427,30.5
3428,29.5
3429,26.8
3430,28.0
3431,27.6
3432,27.6
3433,28.5
3434,28.7
3435,28.0
3436,29.0
3437,29.9
3438,30.3
3439,29.8
3440,29.4
3441,27.9
3442,27.3
3443,28.9
3444,30.1
3445,29.6
3446,29.0
3447,29.5
3448,28.0
3449,27.4
3450,28.0
3451,28.0
3452,26.7
3453,27.7
3454,26.9
3455,26.4
3456,27.3
3457,27.4
3458,27.1
3459,28.2
3460,27.9
3461,29.4
3462,29.6
3463,28.0
3464,28.0
3465,27.5
3466,28.3
3467,29.2
3468,29.6
3469,29.6
3470,29.7
3471,29.7
3472,28.3
3473,27.3
3474,28.9
3475,28.8
3476,29.7
3477,30.2
3478,29.9
3479,30.5
3480,30.6
3481,29.1
3482,29.9
3483,30.2
3484,30.1
3485,30.1
3486,29.4
3487,30.9
3488,30.3
3489,29.5
3490,29.8
3491,30.1
3492,28.7
3493,28.9
3494,27.5
3495,28.1
3496,27.8
3497,27.6
3498,28.2
3499,28.6
3500,26.9
3501,26.6
3502,26.8
3503,28.0
3504,26.5
3505,28.5
3506,28.2
3507,28.9
3508,28.8
3509,29.8
3510,29.2
3511,27.7
3512,28.3
3513,27.8
3514,28.0
3515,27.4
3516,27.8
3517,26.7
3518,25.6
3519,28.1
3520,26.9
3521,26.1
3522,26.4
3523,27.8
3524,28.3
3525,28.4
3526,28.4
3527,28.7
3528,29.8
3529,30.5
3530,30.3
3531,29.4
3532,29.8
3533,27.4
3534,27.8
3535,28.0
3536,27.8
3537,28.5
3538,27.0
3539,27.4
3540,27.4
3541,28.7
3542,28.5
3543,27.7
3544,28.1
3545,28.0
3546,27.1
3547,27.0
3548,26.9
3549,28.0
3550,27.8
3551,27.3
3552,27.6
3553,28.0
3554,29.5
3555,29.2
3556,29.3
3557,26.1
3558,25.2
3559,27.2
3560,29.0
3561,28.4
3562,29.3
3563,28.7
3564,27.1
3565,28.1
3566,27.5
3567,27.5
3568,28.3
3569,27.4
3570,27.6
3571,28.1
3572,29.0
3573,29.4
3574,28.5
3575,29.2
3576,28.8
3577,29.5
3578,28.9
3579,29.2
3580,29.6
3581,28.5
3582,28.9
3583,28.4
3584,28.3
3585,29.6
3586,29.2
3587,28.6
3588,28.9
3589,28.4
3590,27.1
3591,26.6
3592,27.6
3593,28.5
3594,26.7
3595,26.4
3596,27.6
3597,28.8
3598,27.8
3599,28.1
3600,28.4
3601,27.9
3602,26.9
3603,27.2
3604,26.7
3605,26.3
3606,25.6
3607,26.5
3608,27.0
3609,27.2
3610,27.7
3611,26.5
3612,26.0
3613,24.3
3614,25.8
3615,27.4
3616,27.9
3617,28.5
3618,27.1
3619,27.1
3620,27.3
3621,26.7
3622,27.7
3623,27.2
3624,27.5
3625,28.5
3626,27.6
3627,27.4
3628,27.0
3629,26.8
3630,26.9
3631,26.8
3632,27.9
3633,26.6
3634,26.0
3635,24.7
3636,25.4
3637,27.9
3638,28.3
3639,26.7
3640,26.8
3641,27.5
3642,27.1
3643,26.5
3644,26.8
3645,27.4
3646,27.8
3647,28.1
3648,27.7
3649,26.4
3650,25.7
3651,24.5
3652,24.7
3653,26.5
3654,27.1
3655,27.3
3656,28.1
3657,27.6
3658,26.9
3659,26.8
3660,27.1
3661,27.3
3662,26.7
3663,27.1
3664,27.7
3665,27.8
3666,27.0
3667,27.8
3668,28.0
3669,28.5
3670,28.8
3671,28.6
3672,27.0
3673,28.1
3674,28.2
3675,27.1
3676,28.1
3677,29.2
3678,28.4
3679,29.5
3680,29.0
3681,29.3
3682,28.8
3683,28.7
3684,29.2
3685,28.8
3686,29.1
3687,29.5
3688,29.9
3689,29.8
3690,29.5
3691,29.8
3692,29.4
3693,30.5
3694,30.3
3695,30.1
3696,29.6
3697,29.2
3698,29.1
3699,30.0
3700,29.6
3701,28.1
3702,28.8
3703,29.5
3704,29.2
3705,28.5
3706,27.9
3707,27.9
3708,28.5
3709,29.3
3710,29.4
3711,30.5
3712,28.9
3713,28.0
3714,28.9
3715,30.0
3716,29.8
3717,29.5
3718,29.8
3719,30.6
3720,30.1
3721,30.1
3722,29.4
3723,30.0
3724,30.9
3725,30.6
3726,30.9
3727,29.8
3728,30.3
3729,30.3
3730,31.0
3731,31.1
3732,30.7
3733,30.9
3734,30.4
3735,29.7
3736,29.8
3737,30.6
3738,29.2
3739,29.6
3740,30.9
3741,30.8
3742,30.7
3743,31.1
3744,30.9
3745,29.6
3746,29.6
3747,30.6
3748,30.8
3749,31.0
3750,31.4
3751,30.8
3752,27.1
3753,29.2
3754,29.0
3755,29.8
3756,30.1
3757,29.3
3758,30.2
3759,29.9
3760,30.8
3761,30.4
3762,29.4
3763,29.0
3764,28.0
3765,28.2
3766,27.5
3767,28.7
3768,29.7
3769,30.6
3770,29.9
3771,27.7
3772,28.9
3773,28.0
3774,28.9
3775,28.4
3776,27.0
3777,28.2
3778,29.3
3779,29.6
3780,28.5
3781,28.2
3782,28.0
3783,27.3
3784,27.0
3785,27.7
3786,27.6
3787,29.0
3788,29.9
3789,29.3
3790,28.5
3791,28.9
3792,29.0
3793,27.6
3794,27.9
3795,27.5
3796,28.8
3797,28.7
3798,28.3
3799,26.7
3800,26.5
3801,27.5
3802,27.7
3803,28.9
3804,29.1
3805,28.8
3806,28.0
3807,28.2
3808,29.2
3809,29.2
3810,28.2
3811,28.8
3812,28.8
3813,29.5
3814,29.7
3815,29.6
3816,29.5
3817,28.2
3818,28.9
3819,27.9
3820,27.4
3821,28.9
3822,27.8
3823,26.4
3824,27.0
3825,28.6
3826,29.7
3827,29.9
3828,29.8
3829,29.8
3830,27.5
3831,27.9
3832,29.7
3833,30.1
3834,29.4
3835,30.4
3836,30.9
3837,30.9
3838,31.3
3839,30.5
3840,29.6
3841,30.1
3842,29.8
3843,28.7
3844,29.2
3845,27.5
3846,28.8
3847,28.8
3848,27.3
3849,27.3
3850,26.7
3851,27.3
3852,27.8
3853,29.4
3854,29.2
3855,26.0
3856,27.8
3857,28.5
3858,28.1
3859,27.2
3860,26.8
3861,29.0
3862,27.8
3863,27.0
3864,26.8
3865,27.6
3866,27.9
3867,27.4
3868,27.8
3869,28.7
3870,29.3
3871,29.0
3872,27.3
3873,25.8
3874,26.4
3875,28.4
3876,28.0
3877,27.2
3878,27.6
3879,27.8
3880,28.8
3881,27.0
3882,26.9
3883,27.6
3884,27.7
3885,28.9
3886,28.6
3887,26.0
3888,27.5
3889,28.2
3890,28.0
3891,27.0
3892,25.8
3893,26.8
3894,26.9
3895,27.5
3896,26.6
